/**멤버**/
INSERT INTO "MEMBER"(MEMBER_ID, EMAIL, NICKNAME, PASSWORD) VALUES(99, 'gyub1@naver.com', 'GYub1', '$2a$10$V1jxabg3G4/N239zKGONZ.fyROwELG1gtCzBH5x2P0aiiiELiodxy');
INSERT INTO "MEMBER"(MEMBER_ID, EMAIL, NICKNAME, PASSWORD) VALUES(999, 'gyub2@naver.com', 'GYub2', '$2a$10$7ANZZmMY8rDTr6F81GNBquHhF4KwbALdttcUdKWbno.30rp/VW1He');
INSERT INTO "MEMBER"(MEMBER_ID, EMAIL, NICKNAME, PASSWORD) VALUES(9999, 'gyub3@kakao.com', 'GYub3', '$2a$10$7ANZZmMY8rDTr6F81GNBquHhF4KwbALdttcUdKWbno.30rp/VW1He');

/**가계부**/
INSERT INTO ACCOUNT(ACCOUNT_ID, CREATE_DATE, DELETE_YN, MODIFY_DATE, ACCOUNT_NAME) VALUES(1, '2022-02-09 16:47:22.578', 'N', '2022-02-09 16:47:22.578', '테스트 가계부2');
INSERT INTO ACCOUNT(ACCOUNT_ID, CREATE_DATE, DELETE_YN, MODIFY_DATE, ACCOUNT_NAME) VALUES(2, '2022-02-09 17:38:09.752', 'N', '2022-02-09 17:38:09.752', '나만의 가계뿌');
INSERT INTO ACCOUNT(ACCOUNT_ID, CREATE_DATE, DELETE_YN, MODIFY_DATE, ACCOUNT_NAME) VALUES(3, '2022-02-09 17:38:09.752', 'N', '2022-02-09 17:38:09.752', '나만의 가계뿌1');

/**가계부 권한**/
INSERT INTO AUTHORITY(AUTHORITY_ID, "ROLE", ACCOUNT_ID, MEMBER_ID) VALUES(1, 'OWNER', 1, 99);
INSERT INTO AUTHORITY(AUTHORITY_ID, "ROLE", ACCOUNT_ID, MEMBER_ID) VALUES(2, 'OWNER', 2, 999);
INSERT INTO AUTHORITY(AUTHORITY_ID, "ROLE", ACCOUNT_ID, MEMBER_ID) VALUES(3, 'OWNER', 3, 99);
INSERT INTO AUTHORITY(AUTHORITY_ID, "ROLE", ACCOUNT_ID, MEMBER_ID) VALUES(4, 'GUEST', 2, 99);

/**가계부 내역**/
INSERT INTO PUBLIC.ACCOUNT_DETAIL(ACCOUNT_DETAIL_ID, CREATE_DATE, DELETE_YN, MODIFY_DATE, AMOUNT, CONTENTS, TITLE, WRITER, ACCOUNT_ID, CATEGORY_ID)
VALUES(1, '2022-02-15 17:32:27.920', 'N', '2022-02-15 17:32:27.920', 10000, '중국집가서 당면을 먹었다. like 중국당면', '가계부 내역 제목1', 'Gyub1', 1, NULL);
INSERT INTO PUBLIC.ACCOUNT_DETAIL(ACCOUNT_DETAIL_ID, CREATE_DATE, DELETE_YN, MODIFY_DATE, AMOUNT, CONTENTS, TITLE, WRITER, ACCOUNT_ID, CATEGORY_ID)
VALUES(2, '2022-02-15 17:32:27.920', 'N', '2022-02-15 17:32:27.920', 20000, '중국집가서 당면을 먹었다. like 중국당면', '가계부 내역 제목2', 'Gyub1', 1, NULL);
INSERT INTO PUBLIC.ACCOUNT_DETAIL(ACCOUNT_DETAIL_ID, CREATE_DATE, DELETE_YN, MODIFY_DATE, AMOUNT, CONTENTS, TITLE, WRITER, ACCOUNT_ID, CATEGORY_ID)
VALUES(3, '2022-02-15 17:32:27.920', 'N', '2022-02-15 17:32:27.920', 30000, '중국집가서 당면을 먹었다. like 중국당면', '가계부 내역 제목3', 'Gyub1', 2, NULL);



/**유저 권한**/
INSERT INTO MEMBER_ROLE(AUTHORITY_NAME) VALUES('ROLE_USER');
INSERT INTO MEMBER_ROLE(AUTHORITY_NAME) VALUES('ROLE_ADMIN');

INSERT INTO MEMBER_AUTHORITY(MEMBER_ID, AUTHORITY_NAME) VALUES(99, 'ROLE_USER');
INSERT INTO MEMBER_AUTHORITY(MEMBER_ID, AUTHORITY_NAME) VALUES(999, 'ROLE_USER');


